board_path,board_offset,first_square,first_label,second_square,second_label,cosine_similarity,group_id,cluster_members,cluster_labels
data/raw/kaggle_chess_positions/test/1BRN1N2-2r5-2P5-4nP2-3pR2N-8-5r2-2KB1k2.jpeg,14,c8,white_rook,c6,white_pawn,0.9951592087745667,2,c8 c6 f5 e4,white_rook white_pawn white_pawn white_rook
data/raw/kaggle_chess_positions/test/1BRN1N2-2r5-2P5-4nP2-3pR2N-8-5r2-2KB1k2.jpeg,14,c8,white_rook,f5,white_pawn,0.9946850538253784,2,c8 c6 f5 e4,white_rook white_pawn white_pawn white_rook
data/raw/kaggle_chess_positions/test/1BRN1N2-2r5-2P5-4nP2-3pR2N-8-5r2-2KB1k2.jpeg,14,c6,white_pawn,e4,white_rook,0.9944199919700623,2,c8 c6 f5 e4,white_rook white_pawn white_pawn white_rook
data/raw/kaggle_chess_positions/test/1BRN1N2-2r5-2P5-4nP2-3pR2N-8-5r2-2KB1k2.jpeg,14,f5,white_pawn,e4,white_rook,0.9945179224014282,2,c8 c6 f5 e4,white_rook white_pawn white_pawn white_rook
data/raw/kaggle_chess_positions/test/1Bq5-3B4-2K1r3-1BR4p-3b2k1-b7-8-R1B5.jpeg,26,d7,white_bishop,c6,white_king,0.9814279079437256,4,d7 c6 b5,white_bishop white_king white_bishop
data/raw/kaggle_chess_positions/test/1Bq5-3B4-2K1r3-1BR4p-3b2k1-b7-8-R1B5.jpeg,26,c6,white_king,b5,white_bishop,0.9809362888336182,4,d7 c6 b5,white_bishop white_king white_bishop
data/raw/kaggle_chess_positions/test/1Br5-5k2-6P1-1R5p-8-8-1bK5-n7.jpeg,31,b2,black_bishop,a1,black_knight,0.9866696000099182,12,b2 a1,black_bishop black_knight
data/raw/kaggle_chess_positions/test/1K1B1r2-8-1P6-6P1-1r4P1-2nr4-1k6-7b.jpeg,32,c3,black_knight,b2,black_king,0.980600118637085,10,c3 b2,black_knight black_king
data/raw/kaggle_chess_positions/test/1K1B2B1-2N5-5R2-8-5k2-8-8-8.jpeg,33,b8,white_king,c7,white_knight,0.9922212362289429,1,b8 c7 f6,white_king white_knight white_rook
data/raw/kaggle_chess_positions/test/1K1B2B1-2N5-5R2-8-5k2-8-8-8.jpeg,33,b8,white_king,f6,white_rook,0.9902356266975403,1,b8 c7 f6,white_king white_knight white_rook
data/raw/kaggle_chess_positions/test/1K1B2B1-2N5-5R2-8-5k2-8-8-8.jpeg,33,c7,white_knight,f6,white_rook,0.9919863343238831,1,b8 c7 f6,white_king white_knight white_rook
data/raw/kaggle_chess_positions/test/1K1R4-8-1k6-8-2PQ4-8-8-2B5.jpeg,45,b8,white_king,d8,white_rook,0.9869231581687927,1,b8 d8,white_king white_rook
data/raw/kaggle_chess_positions/test/1K1b2k1-8-5p2-q7-5Nn1-2p5-8-8.jpeg,49,b8,white_king,f4,white_knight,0.9953213930130005,1,b8 f4,white_king white_knight
data/raw/kaggle_chess_positions/test/1K2k3-r7-8-8-2R2r2-8-5p2-8.jpeg,126,a7,black_rook,f2,black_pawn,0.9900567531585693,4,a7 f4 f2,black_rook black_rook black_pawn
data/raw/kaggle_chess_positions/test/1K2k3-r7-8-8-2R2r2-8-5p2-8.jpeg,126,f4,black_rook,f2,black_pawn,0.9885275959968567,4,a7 f4 f2,black_rook black_rook black_pawn
data/raw/kaggle_chess_positions/test/1K2q3-b1b5-3NN3-3P4-3p4-8-5Q2-5Qk1.jpeg,132,d4,black_pawn,a1,empty,0.9835488200187683,8,d4 a1 c1 e1,black_pawn empty empty empty
data/raw/kaggle_chess_positions/test/1K2q3-b1b5-3NN3-3P4-3p4-8-5Q2-5Qk1.jpeg,132,d4,black_pawn,c1,empty,0.982923150062561,8,d4 a1 c1 e1,black_pawn empty empty empty
data/raw/kaggle_chess_positions/test/1K2q3-b1b5-3NN3-3P4-3p4-8-5Q2-5Qk1.jpeg,132,d4,black_pawn,e1,empty,0.9849866628646851,8,d4 a1 c1 e1,black_pawn empty empty empty
data/raw/kaggle_chess_positions/test/1K3k2-5p2-8-2R5-3b2R1-1Q3b2-8-8.jpeg,165,b8,white_king,c5,white_rook,0.9816651344299316,1,b8 c5,white_king white_rook
data/raw/kaggle_chess_positions/test/1K4r1-5N2-7b-4q2k-8-8-B7-5n1b.jpeg,218,h5,black_king,h1,black_bishop,0.9900957345962524,8,h5 h1,black_king black_bishop
data/raw/kaggle_chess_positions/test/1K5N-Pr1b4-4r3-8-2N5-1Q1k4-8-R7.jpeg,225,h8,white_knight,a7,white_pawn,0.9804100394248962,3,h8 a7 a1,white_knight white_pawn white_rook
data/raw/kaggle_chess_positions/test/1K5N-Pr1b4-4r3-8-2N5-1Q1k4-8-R7.jpeg,225,h8,white_knight,a1,white_rook,0.9871879816055298,3,h8 a7 a1,white_knight white_pawn white_rook
data/raw/kaggle_chess_positions/test/1K5N-Pr1b4-4r3-8-2N5-1Q1k4-8-R7.jpeg,225,a7,white_pawn,a1,white_rook,0.9936781525611877,3,h8 a7 a1,white_knight white_pawn white_rook
data/raw/kaggle_chess_positions/test/1K5k-6R1-2p4n-8-4R3-1P4R1-2q5-n6b.jpeg,232,b8,white_king,g7,white_rook,0.9967671632766724,1,b8 g7 g3,white_king white_rook white_rook
data/raw/kaggle_chess_positions/test/1K5k-6R1-2p4n-8-4R3-1P4R1-2q5-n6b.jpeg,232,b8,white_king,g3,white_rook,0.9970651865005493,1,b8 g7 g3,white_king white_rook white_rook
data/raw/kaggle_chess_positions/test/1K5q-q7-2q2B2-2n2q2-2nn1p2-3Bk3-8-6bR.jpeg,242,c5,black_knight,e3,black_king,0.9902724027633667,6,c5 d4 e3,black_knight black_knight black_king
data/raw/kaggle_chess_positions/test/1K5q-q7-2q2B2-2n2q2-2nn1p2-3Bk3-8-6bR.jpeg,242,d4,black_knight,e3,black_king,0.9909572601318359,6,c5 d4 e3,black_knight black_knight black_king
data/raw/kaggle_chess_positions/test/1K5r-8-3pR3-2kP4-2P5-1P6-7P-8.jpeg,247,e6,white_rook,d5,white_pawn,0.9932927489280701,5,e6 d5 c4 b3,white_rook white_pawn white_pawn white_pawn
data/raw/kaggle_chess_positions/test/1K5r-8-3pR3-2kP4-2P5-1P6-7P-8.jpeg,247,e6,white_rook,c4,white_pawn,0.9938420057296753,5,e6 d5 c4 b3,white_rook white_pawn white_pawn white_pawn
data/raw/kaggle_chess_positions/test/1K5r-8-3pR3-2kP4-2P5-1P6-7P-8.jpeg,247,e6,white_rook,b3,white_pawn,0.9937359094619751,5,e6 d5 c4 b3,white_rook white_pawn white_pawn white_pawn
data/raw/kaggle_chess_positions/test/1K6-2N1B1NR-2B5-4R2k-2Q5-P7-1p3p2-3r3B.jpeg,270,b8,white_king,e7,white_bishop,0.984809935092926,1,b8 e7,white_king white_bishop
data/raw/kaggle_chess_positions/test/1K6-2N1B1NR-2B5-4R2k-2Q5-P7-1p3p2-3r3B.jpeg,270,c7,white_knight,a3,white_pawn,0.9949740171432495,3,c7 g7 a3,white_knight white_knight white_pawn
data/raw/kaggle_chess_positions/test/1K6-2N1B1NR-2B5-4R2k-2Q5-P7-1p3p2-3r3B.jpeg,270,g7,white_knight,a3,white_pawn,0.9936052560806274,3,c7 g7 a3,white_knight white_knight white_pawn
data/raw/kaggle_chess_positions/test/1K6-2r2pRp-nk4q1-8-2r1bN2-p7-2P2r2-8.jpeg,289,b6,black_king,a3,black_pawn,0.9847052097320557,9,b6 a3,black_king black_pawn
data/raw/kaggle_chess_positions/test/1K6-3P4-1k6-4b3-4NBN1-2r5-8-8.jpeg,298,b8,white_king,f4,white_bishop,0.9823461771011353,1,b8 f4,white_king white_bishop
data/raw/kaggle_chess_positions/test/1K6-5B2-3Pr3-1R3b2-1kn4p-8-1n6-2B5.jpeg,332,b8,white_king,d8,empty,0.9810469746589661,1,b8 d8 f8 h8 a7 c7 e7 g7 b6 d6 f6 h6 a5 c5 e5 g5 d4 f4 a3 c3 e3 g3 d2 f2 h2 a1 e1 g1,white_king empty empty empty empty empty empty empty empty white_pawn empty empty empty empty empty empty empty empty empty empty empty empty empty empty empty empty empty empty
data/raw/kaggle_chess_positions/test/1K6-5B2-3Pr3-1R3b2-1kn4p-8-1n6-2B5.jpeg,332,b8,white_king,f8,empty,0.9811668992042542,1,b8 d8 f8 h8 a7 c7 e7 g7 b6 d6 f6 h6 a5 c5 e5 g5 d4 f4 a3 c3 e3 g3 d2 f2 h2 a1 e1 g1,white_king empty empty empty empty empty empty empty empty white_pawn empty empty empty empty empty empty empty empty empty empty empty empty empty empty empty empty empty empty
data/raw/kaggle_chess_positions/test/1K6-5B2-3Pr3-1R3b2-1kn4p-8-1n6-2B5.jpeg,332,b8,white_king,h8,empty,0.9810280203819275,1,b8 d8 f8 h8 a7 c7 e7 g7 b6 d6 f6 h6 a5 c5 e5 g5 d4 f4 a3 c3 e3 g3 d2 f2 h2 a1 e1 g1,white_king empty empty empty empty empty empty empty empty white_pawn empty empty empty empty empty empty empty empty empty empty empty empty empty empty empty empty empty empty
data/raw/kaggle_chess_positions/test/1K6-5B2-3Pr3-1R3b2-1kn4p-8-1n6-2B5.jpeg,332,b8,white_king,a7,empty,0.9811038970947266,1,b8 d8 f8 h8 a7 c7 e7 g7 b6 d6 f6 h6 a5 c5 e5 g5 d4 f4 a3 c3 e3 g3 d2 f2 h2 a1 e1 g1,white_king empty empty empty empty empty empty empty empty white_pawn empty empty empty empty empty empty empty empty empty empty empty empty empty empty empty empty empty empty
data/raw/kaggle_chess_positions/test/1K6-5B2-3Pr3-1R3b2-1kn4p-8-1n6-2B5.jpeg,332,b8,white_king,c7,empty,0.9811845421791077,1,b8 d8 f8 h8 a7 c7 e7 g7 b6 d6 f6 h6 a5 c5 e5 g5 d4 f4 a3 c3 e3 g3 d2 f2 h2 a1 e1 g1,white_king empty empty empty empty empty empty empty empty white_pawn empty empty empty empty empty empty empty empty empty empty empty empty empty empty empty empty empty empty
data/raw/kaggle_chess_positions/test/1K6-5B2-3Pr3-1R3b2-1kn4p-8-1n6-2B5.jpeg,332,b8,white_king,e7,empty,0.981126606464386,1,b8 d8 f8 h8 a7 c7 e7 g7 b6 d6 f6 h6 a5 c5 e5 g5 d4 f4 a3 c3 e3 g3 d2 f2 h2 a1 e1 g1,white_king empty empty empty empty empty empty empty empty white_pawn empty empty empty empty empty empty empty empty empty empty empty empty empty empty empty empty empty empty
data/raw/kaggle_chess_positions/test/1K6-5B2-3Pr3-1R3b2-1kn4p-8-1n6-2B5.jpeg,332,b8,white_king,g7,empty,0.9811845421791077,1,b8 d8 f8 h8 a7 c7 e7 g7 b6 d6 f6 h6 a5 c5 e5 g5 d4 f4 a3 c3 e3 g3 d2 f2 h2 a1 e1 g1,white_king empty empty empty empty empty empty empty empty white_pawn empty empty empty empty empty empty empty empty empty empty empty empty empty empty empty empty empty empty
data/raw/kaggle_chess_positions/test/1K6-5B2-3Pr3-1R3b2-1kn4p-8-1n6-2B5.jpeg,332,b8,white_king,b6,empty,0.9813288450241089,1,b8 d8 f8 h8 a7 c7 e7 g7 b6 d6 f6 h6 a5 c5 e5 g5 d4 f4 a3 c3 e3 g3 d2 f2 h2 a1 e1 g1,white_king empty empty empty empty empty empty empty empty white_pawn empty empty empty empty empty empty empty empty empty empty empty empty empty empty empty empty empty empty
data/raw/kaggle_chess_positions/test/1K6-5B2-3Pr3-1R3b2-1kn4p-8-1n6-2B5.jpeg,332,b8,white_king,d6,white_pawn,0.9815218448638916,1,b8 d8 f8 h8 a7 c7 e7 g7 b6 d6 f6 h6 a5 c5 e5 g5 d4 f4 a3 c3 e3 g3 d2 f2 h2 a1 e1 g1,white_king empty empty empty empty empty empty empty empty white_pawn empty empty empty empty empty empty empty empty empty empty empty empty empty empty empty empty empty empty
data/raw/kaggle_chess_positions/test/1K6-5B2-3Pr3-1R3b2-1kn4p-8-1n6-2B5.jpeg,332,b8,white_king,f6,empty,0.9812426567077637,1,b8 d8 f8 h8 a7 c7 e7 g7 b6 d6 f6 h6 a5 c5 e5 g5 d4 f4 a3 c3 e3 g3 d2 f2 h2 a1 e1 g1,white_king empty empty empty empty empty empty empty empty white_pawn empty empty empty empty empty empty empty empty empty empty empty empty empty empty empty empty empty empty
data/raw/kaggle_chess_positions/test/1K6-5B2-3Pr3-1R3b2-1kn4p-8-1n6-2B5.jpeg,332,b8,white_king,h6,empty,0.9811294674873352,1,b8 d8 f8 h8 a7 c7 e7 g7 b6 d6 f6 h6 a5 c5 e5 g5 d4 f4 a3 c3 e3 g3 d2 f2 h2 a1 e1 g1,white_king empty empty empty empty empty empty empty empty white_pawn empty empty empty empty empty empty empty empty empty empty empty empty empty empty empty empty empty empty
data/raw/kaggle_chess_positions/test/1K6-5B2-3Pr3-1R3b2-1kn4p-8-1n6-2B5.jpeg,332,b8,white_king,a5,empty,0.9810903668403625,1,b8 d8 f8 h8 a7 c7 e7 g7 b6 d6 f6 h6 a5 c5 e5 g5 d4 f4 a3 c3 e3 g3 d2 f2 h2 a1 e1 g1,white_king empty empty empty empty empty empty empty empty white_pawn empty empty empty empty empty empty empty empty empty empty empty empty empty empty empty empty empty empty
data/raw/kaggle_chess_positions/test/1K6-5B2-3Pr3-1R3b2-1kn4p-8-1n6-2B5.jpeg,332,b8,white_king,c5,empty,0.9811175465583801,1,b8 d8 f8 h8 a7 c7 e7 g7 b6 d6 f6 h6 a5 c5 e5 g5 d4 f4 a3 c3 e3 g3 d2 f2 h2 a1 e1 g1,white_king empty empty empty empty empty empty empty empty white_pawn empty empty empty empty empty empty empty empty empty empty empty empty empty empty empty empty empty empty
data/raw/kaggle_chess_positions/test/1K6-5B2-3Pr3-1R3b2-1kn4p-8-1n6-2B5.jpeg,332,b8,white_king,e5,empty,0.9810939431190491,1,b8 d8 f8 h8 a7 c7 e7 g7 b6 d6 f6 h6 a5 c5 e5 g5 d4 f4 a3 c3 e3 g3 d2 f2 h2 a1 e1 g1,white_king empty empty empty empty empty empty empty empty white_pawn empty empty empty empty empty empty empty empty empty empty empty empty empty empty empty empty empty empty
data/raw/kaggle_chess_positions/test/1K6-5B2-3Pr3-1R3b2-1kn4p-8-1n6-2B5.jpeg,332,b8,white_king,g5,empty,0.9811171889305115,1,b8 d8 f8 h8 a7 c7 e7 g7 b6 d6 f6 h6 a5 c5 e5 g5 d4 f4 a3 c3 e3 g3 d2 f2 h2 a1 e1 g1,white_king empty empty empty empty empty empty empty empty white_pawn empty empty empty empty empty empty empty empty empty empty empty empty empty empty empty empty empty empty
data/raw/kaggle_chess_positions/test/1K6-5B2-3Pr3-1R3b2-1kn4p-8-1n6-2B5.jpeg,332,b8,white_king,d4,empty,0.9810866117477417,1,b8 d8 f8 h8 a7 c7 e7 g7 b6 d6 f6 h6 a5 c5 e5 g5 d4 f4 a3 c3 e3 g3 d2 f2 h2 a1 e1 g1,white_king empty empty empty empty empty empty empty empty white_pawn empty empty empty empty empty empty empty empty empty empty empty empty empty empty empty empty empty empty
data/raw/kaggle_chess_positions/test/1K6-5B2-3Pr3-1R3b2-1kn4p-8-1n6-2B5.jpeg,332,b8,white_king,f4,empty,0.981137216091156,1,b8 d8 f8 h8 a7 c7 e7 g7 b6 d6 f6 h6 a5 c5 e5 g5 d4 f4 a3 c3 e3 g3 d2 f2 h2 a1 e1 g1,white_king empty empty empty empty empty empty empty empty white_pawn empty empty empty empty empty empty empty empty empty empty empty empty empty empty empty empty empty empty
data/raw/kaggle_chess_positions/test/1K6-5B2-3Pr3-1R3b2-1kn4p-8-1n6-2B5.jpeg,332,b8,white_king,a3,empty,0.9811038970947266,1,b8 d8 f8 h8 a7 c7 e7 g7 b6 d6 f6 h6 a5 c5 e5 g5 d4 f4 a3 c3 e3 g3 d2 f2 h2 a1 e1 g1,white_king empty empty empty empty empty empty empty empty white_pawn empty empty empty empty empty empty empty empty empty empty empty empty empty empty empty empty empty empty
data/raw/kaggle_chess_positions/test/1K6-5B2-3Pr3-1R3b2-1kn4p-8-1n6-2B5.jpeg,332,b8,white_king,c3,empty,0.9811694025993347,1,b8 d8 f8 h8 a7 c7 e7 g7 b6 d6 f6 h6 a5 c5 e5 g5 d4 f4 a3 c3 e3 g3 d2 f2 h2 a1 e1 g1,white_king empty empty empty empty empty empty empty empty white_pawn empty empty empty empty empty empty empty empty empty empty empty empty empty empty empty empty empty empty
data/raw/kaggle_chess_positions/test/1K6-5B2-3Pr3-1R3b2-1kn4p-8-1n6-2B5.jpeg,332,b8,white_king,e3,empty,0.9811047315597534,1,b8 d8 f8 h8 a7 c7 e7 g7 b6 d6 f6 h6 a5 c5 e5 g5 d4 f4 a3 c3 e3 g3 d2 f2 h2 a1 e1 g1,white_king empty empty empty empty empty empty empty empty white_pawn empty empty empty empty empty empty empty empty empty empty empty empty empty empty empty empty empty empty
data/raw/kaggle_chess_positions/test/1K6-5B2-3Pr3-1R3b2-1kn4p-8-1n6-2B5.jpeg,332,b8,white_king,g3,empty,0.9811845421791077,1,b8 d8 f8 h8 a7 c7 e7 g7 b6 d6 f6 h6 a5 c5 e5 g5 d4 f4 a3 c3 e3 g3 d2 f2 h2 a1 e1 g1,white_king empty empty empty empty empty empty empty empty white_pawn empty empty empty empty empty empty empty empty empty empty empty empty empty empty empty empty empty empty
data/raw/kaggle_chess_positions/test/1K6-5B2-3Pr3-1R3b2-1kn4p-8-1n6-2B5.jpeg,332,b8,white_king,d2,empty,0.9811487197875977,1,b8 d8 f8 h8 a7 c7 e7 g7 b6 d6 f6 h6 a5 c5 e5 g5 d4 f4 a3 c3 e3 g3 d2 f2 h2 a1 e1 g1,white_king empty empty empty empty empty empty empty empty white_pawn empty empty empty empty empty empty empty empty empty empty empty empty empty empty empty empty empty empty
data/raw/kaggle_chess_positions/test/1K6-5B2-3Pr3-1R3b2-1kn4p-8-1n6-2B5.jpeg,332,b8,white_king,f2,empty,0.9812638759613037,1,b8 d8 f8 h8 a7 c7 e7 g7 b6 d6 f6 h6 a5 c5 e5 g5 d4 f4 a3 c3 e3 g3 d2 f2 h2 a1 e1 g1,white_king empty empty empty empty empty empty empty empty white_pawn empty empty empty empty empty empty empty empty empty empty empty empty empty empty empty empty empty empty
data/raw/kaggle_chess_positions/test/1K6-5B2-3Pr3-1R3b2-1kn4p-8-1n6-2B5.jpeg,332,b8,white_king,h2,empty,0.9811294674873352,1,b8 d8 f8 h8 a7 c7 e7 g7 b6 d6 f6 h6 a5 c5 e5 g5 d4 f4 a3 c3 e3 g3 d2 f2 h2 a1 e1 g1,white_king empty empty empty empty empty empty empty empty white_pawn empty empty empty empty empty empty empty empty empty empty empty empty empty empty empty empty empty empty
data/raw/kaggle_chess_positions/test/1K6-5B2-3Pr3-1R3b2-1kn4p-8-1n6-2B5.jpeg,332,b8,white_king,a1,empty,0.9810840487480164,1,b8 d8 f8 h8 a7 c7 e7 g7 b6 d6 f6 h6 a5 c5 e5 g5 d4 f4 a3 c3 e3 g3 d2 f2 h2 a1 e1 g1,white_king empty empty empty empty empty empty empty empty white_pawn empty empty empty empty empty empty empty empty empty empty empty empty empty empty empty empty empty empty
data/raw/kaggle_chess_positions/test/1K6-5B2-3Pr3-1R3b2-1kn4p-8-1n6-2B5.jpeg,332,b8,white_king,e1,empty,0.9810858964920044,1,b8 d8 f8 h8 a7 c7 e7 g7 b6 d6 f6 h6 a5 c5 e5 g5 d4 f4 a3 c3 e3 g3 d2 f2 h2 a1 e1 g1,white_king empty empty empty empty empty empty empty empty white_pawn empty empty empty empty empty empty empty empty empty empty empty empty empty empty empty empty empty empty
data/raw/kaggle_chess_positions/test/1K6-5B2-3Pr3-1R3b2-1kn4p-8-1n6-2B5.jpeg,332,b8,white_king,g1,empty,0.9811201691627502,1,b8 d8 f8 h8 a7 c7 e7 g7 b6 d6 f6 h6 a5 c5 e5 g5 d4 f4 a3 c3 e3 g3 d2 f2 h2 a1 e1 g1,white_king empty empty empty empty empty empty empty empty white_pawn empty empty empty empty empty empty empty empty empty empty empty empty empty empty empty empty empty empty
data/raw/kaggle_chess_positions/test/1K6-5B2-3Pr3-1R3b2-1kn4p-8-1n6-2B5.jpeg,332,d8,empty,d6,white_pawn,0.9898024201393127,1,b8 d8 f8 h8 a7 c7 e7 g7 b6 d6 f6 h6 a5 c5 e5 g5 d4 f4 a3 c3 e3 g3 d2 f2 h2 a1 e1 g1,white_king empty empty empty empty empty empty empty empty white_pawn empty empty empty empty empty empty empty empty empty empty empty empty empty empty empty empty empty empty
data/raw/kaggle_chess_positions/test/1K6-5B2-3Pr3-1R3b2-1kn4p-8-1n6-2B5.jpeg,332,f8,empty,d6,white_pawn,0.9898524880409241,1,b8 d8 f8 h8 a7 c7 e7 g7 b6 d6 f6 h6 a5 c5 e5 g5 d4 f4 a3 c3 e3 g3 d2 f2 h2 a1 e1 g1,white_king empty empty empty empty empty empty empty empty white_pawn empty empty empty empty empty empty empty empty empty empty empty empty empty empty empty empty empty empty
data/raw/kaggle_chess_positions/test/1K6-5B2-3Pr3-1R3b2-1kn4p-8-1n6-2B5.jpeg,332,h8,empty,d6,white_pawn,0.9897847771644592,1,b8 d8 f8 h8 a7 c7 e7 g7 b6 d6 f6 h6 a5 c5 e5 g5 d4 f4 a3 c3 e3 g3 d2 f2 h2 a1 e1 g1,white_king empty empty empty empty empty empty empty empty white_pawn empty empty empty empty empty empty empty empty empty empty empty empty empty empty empty empty empty empty
data/raw/kaggle_chess_positions/test/1K6-5B2-3Pr3-1R3b2-1kn4p-8-1n6-2B5.jpeg,332,a7,empty,d6,white_pawn,0.9898335933685303,1,b8 d8 f8 h8 a7 c7 e7 g7 b6 d6 f6 h6 a5 c5 e5 g5 d4 f4 a3 c3 e3 g3 d2 f2 h2 a1 e1 g1,white_king empty empty empty empty empty empty empty empty white_pawn empty empty empty empty empty empty empty empty empty empty empty empty empty empty empty empty empty empty
data/raw/kaggle_chess_positions/test/1K6-5B2-3Pr3-1R3b2-1kn4p-8-1n6-2B5.jpeg,332,c7,empty,d6,white_pawn,0.9898915886878967,1,b8 d8 f8 h8 a7 c7 e7 g7 b6 d6 f6 h6 a5 c5 e5 g5 d4 f4 a3 c3 e3 g3 d2 f2 h2 a1 e1 g1,white_king empty empty empty empty empty empty empty empty white_pawn empty empty empty empty empty empty empty empty empty empty empty empty empty empty empty empty empty empty
data/raw/kaggle_chess_positions/test/1K6-5B2-3Pr3-1R3b2-1kn4p-8-1n6-2B5.jpeg,332,e7,empty,d6,white_pawn,0.9898388385772705,1,b8 d8 f8 h8 a7 c7 e7 g7 b6 d6 f6 h6 a5 c5 e5 g5 d4 f4 a3 c3 e3 g3 d2 f2 h2 a1 e1 g1,white_king empty empty empty empty empty empty empty empty white_pawn empty empty empty empty empty empty empty empty empty empty empty empty empty empty empty empty empty empty
data/raw/kaggle_chess_positions/test/1K6-5B2-3Pr3-1R3b2-1kn4p-8-1n6-2B5.jpeg,332,g7,empty,d6,white_pawn,0.9898915886878967,1,b8 d8 f8 h8 a7 c7 e7 g7 b6 d6 f6 h6 a5 c5 e5 g5 d4 f4 a3 c3 e3 g3 d2 f2 h2 a1 e1 g1,white_king empty empty empty empty empty empty empty empty white_pawn empty empty empty empty empty empty empty empty empty empty empty empty empty empty empty empty empty empty
data/raw/kaggle_chess_positions/test/1K6-5B2-3Pr3-1R3b2-1kn4p-8-1n6-2B5.jpeg,332,b6,empty,d6,white_pawn,0.9898930191993713,1,b8 d8 f8 h8 a7 c7 e7 g7 b6 d6 f6 h6 a5 c5 e5 g5 d4 f4 a3 c3 e3 g3 d2 f2 h2 a1 e1 g1,white_king empty empty empty empty empty empty empty empty white_pawn empty empty empty empty empty empty empty empty empty empty empty empty empty empty empty empty empty empty
data/raw/kaggle_chess_positions/test/1K6-5B2-3Pr3-1R3b2-1kn4p-8-1n6-2B5.jpeg,332,d6,white_pawn,f6,empty,0.9899013042449951,1,b8 d8 f8 h8 a7 c7 e7 g7 b6 d6 f6 h6 a5 c5 e5 g5 d4 f4 a3 c3 e3 g3 d2 f2 h2 a1 e1 g1,white_king empty empty empty empty empty empty empty empty white_pawn empty empty empty empty empty empty empty empty empty empty empty empty empty empty empty empty empty empty
data/raw/kaggle_chess_positions/test/1K6-5B2-3Pr3-1R3b2-1kn4p-8-1n6-2B5.jpeg,332,d6,white_pawn,h6,empty,0.9898147583007812,1,b8 d8 f8 h8 a7 c7 e7 g7 b6 d6 f6 h6 a5 c5 e5 g5 d4 f4 a3 c3 e3 g3 d2 f2 h2 a1 e1 g1,white_king empty empty empty empty empty empty empty empty white_pawn empty empty empty empty empty empty empty empty empty empty empty empty empty empty empty empty empty empty
data/raw/kaggle_chess_positions/test/1K6-5B2-3Pr3-1R3b2-1kn4p-8-1n6-2B5.jpeg,332,d6,white_pawn,a5,empty,0.9898234605789185,1,b8 d8 f8 h8 a7 c7 e7 g7 b6 d6 f6 h6 a5 c5 e5 g5 d4 f4 a3 c3 e3 g3 d2 f2 h2 a1 e1 g1,white_king empty empty empty empty empty empty empty empty white_pawn empty empty empty empty empty empty empty empty empty empty empty empty empty empty empty empty empty empty
data/raw/kaggle_chess_positions/test/1K6-5B2-3Pr3-1R3b2-1kn4p-8-1n6-2B5.jpeg,332,d6,white_pawn,c5,empty,0.9898581504821777,1,b8 d8 f8 h8 a7 c7 e7 g7 b6 d6 f6 h6 a5 c5 e5 g5 d4 f4 a3 c3 e3 g3 d2 f2 h2 a1 e1 g1,white_king empty empty empty empty empty empty empty empty white_pawn empty empty empty empty empty empty empty empty empty empty empty empty empty empty empty empty empty empty
data/raw/kaggle_chess_positions/test/1K6-5B2-3Pr3-1R3b2-1kn4p-8-1n6-2B5.jpeg,332,d6,white_pawn,e5,empty,0.9898405075073242,1,b8 d8 f8 h8 a7 c7 e7 g7 b6 d6 f6 h6 a5 c5 e5 g5 d4 f4 a3 c3 e3 g3 d2 f2 h2 a1 e1 g1,white_king empty empty empty empty empty empty empty empty white_pawn empty empty empty empty empty empty empty empty empty empty empty empty empty empty empty empty empty empty
data/raw/kaggle_chess_positions/test/1K6-5B2-3Pr3-1R3b2-1kn4p-8-1n6-2B5.jpeg,332,d6,white_pawn,g5,empty,0.9898577928543091,1,b8 d8 f8 h8 a7 c7 e7 g7 b6 d6 f6 h6 a5 c5 e5 g5 d4 f4 a3 c3 e3 g3 d2 f2 h2 a1 e1 g1,white_king empty empty empty empty empty empty empty empty white_pawn empty empty empty empty empty empty empty empty empty empty empty empty empty empty empty empty empty empty
data/raw/kaggle_chess_positions/test/1K6-5B2-3Pr3-1R3b2-1kn4p-8-1n6-2B5.jpeg,332,d6,white_pawn,d4,empty,0.989820659160614,1,b8 d8 f8 h8 a7 c7 e7 g7 b6 d6 f6 h6 a5 c5 e5 g5 d4 f4 a3 c3 e3 g3 d2 f2 h2 a1 e1 g1,white_king empty empty empty empty empty empty empty empty white_pawn empty empty empty empty empty empty empty empty empty empty empty empty empty empty empty empty empty empty
data/raw/kaggle_chess_positions/test/1K6-5B2-3Pr3-1R3b2-1kn4p-8-1n6-2B5.jpeg,332,d6,white_pawn,f4,empty,0.9898573756217957,1,b8 d8 f8 h8 a7 c7 e7 g7 b6 d6 f6 h6 a5 c5 e5 g5 d4 f4 a3 c3 e3 g3 d2 f2 h2 a1 e1 g1,white_king empty empty empty empty empty empty empty empty white_pawn empty empty empty empty empty empty empty empty empty empty empty empty empty empty empty empty empty empty
data/raw/kaggle_chess_positions/test/1K6-5B2-3Pr3-1R3b2-1kn4p-8-1n6-2B5.jpeg,332,d6,white_pawn,a3,empty,0.9898335933685303,1,b8 d8 f8 h8 a7 c7 e7 g7 b6 d6 f6 h6 a5 c5 e5 g5 d4 f4 a3 c3 e3 g3 d2 f2 h2 a1 e1 g1,white_king empty empty empty empty empty empty empty empty white_pawn empty empty empty empty empty empty empty empty empty empty empty empty empty empty empty empty empty empty
data/raw/kaggle_chess_positions/test/1K6-5B2-3Pr3-1R3b2-1kn4p-8-1n6-2B5.jpeg,332,d6,white_pawn,c3,empty,0.9898821115493774,1,b8 d8 f8 h8 a7 c7 e7 g7 b6 d6 f6 h6 a5 c5 e5 g5 d4 f4 a3 c3 e3 g3 d2 f2 h2 a1 e1 g1,white_king empty empty empty empty empty empty empty empty white_pawn empty empty empty empty empty empty empty empty empty empty empty empty empty empty empty empty empty empty
data/raw/kaggle_chess_positions/test/1K6-5B2-3Pr3-1R3b2-1kn4p-8-1n6-2B5.jpeg,332,d6,white_pawn,e3,empty,0.9898366332054138,1,b8 d8 f8 h8 a7 c7 e7 g7 b6 d6 f6 h6 a5 c5 e5 g5 d4 f4 a3 c3 e3 g3 d2 f2 h2 a1 e1 g1,white_king empty empty empty empty empty empty empty empty white_pawn empty empty empty empty empty empty empty empty empty empty empty empty empty empty empty empty empty empty
data/raw/kaggle_chess_positions/test/1K6-5B2-3Pr3-1R3b2-1kn4p-8-1n6-2B5.jpeg,332,d6,white_pawn,g3,empty,0.9898915886878967,1,b8 d8 f8 h8 a7 c7 e7 g7 b6 d6 f6 h6 a5 c5 e5 g5 d4 f4 a3 c3 e3 g3 d2 f2 h2 a1 e1 g1,white_king empty empty empty empty empty empty empty empty white_pawn empty empty empty empty empty empty empty empty empty empty empty empty empty empty empty empty empty empty
data/raw/kaggle_chess_positions/test/1K6-5B2-3Pr3-1R3b2-1kn4p-8-1n6-2B5.jpeg,332,d6,white_pawn,d2,empty,0.9898321032524109,1,b8 d8 f8 h8 a7 c7 e7 g7 b6 d6 f6 h6 a5 c5 e5 g5 d4 f4 a3 c3 e3 g3 d2 f2 h2 a1 e1 g1,white_king empty empty empty empty empty empty empty empty white_pawn empty empty empty empty empty empty empty empty empty empty empty empty empty empty empty empty empty empty
data/raw/kaggle_chess_positions/test/1K6-5B2-3Pr3-1R3b2-1kn4p-8-1n6-2B5.jpeg,332,d6,white_pawn,f2,empty,0.9898908138275146,1,b8 d8 f8 h8 a7 c7 e7 g7 b6 d6 f6 h6 a5 c5 e5 g5 d4 f4 a3 c3 e3 g3 d2 f2 h2 a1 e1 g1,white_king empty empty empty empty empty empty empty empty white_pawn empty empty empty empty empty empty empty empty empty empty empty empty empty empty empty empty empty empty
data/raw/kaggle_chess_positions/test/1K6-5B2-3Pr3-1R3b2-1kn4p-8-1n6-2B5.jpeg,332,d6,white_pawn,h2,empty,0.9898147583007812,1,b8 d8 f8 h8 a7 c7 e7 g7 b6 d6 f6 h6 a5 c5 e5 g5 d4 f4 a3 c3 e3 g3 d2 f2 h2 a1 e1 g1,white_king empty empty empty empty empty empty empty empty white_pawn empty empty empty empty empty empty empty empty empty empty empty empty empty empty empty empty empty empty
data/raw/kaggle_chess_positions/test/1K6-5B2-3Pr3-1R3b2-1kn4p-8-1n6-2B5.jpeg,332,d6,white_pawn,a1,empty,0.9898138642311096,1,b8 d8 f8 h8 a7 c7 e7 g7 b6 d6 f6 h6 a5 c5 e5 g5 d4 f4 a3 c3 e3 g3 d2 f2 h2 a1 e1 g1,white_king empty empty empty empty empty empty empty empty white_pawn empty empty empty empty empty empty empty empty empty empty empty empty empty empty empty empty empty empty
data/raw/kaggle_chess_positions/test/1K6-5B2-3Pr3-1R3b2-1kn4p-8-1n6-2B5.jpeg,332,d6,white_pawn,e1,empty,0.9898175597190857,1,b8 d8 f8 h8 a7 c7 e7 g7 b6 d6 f6 h6 a5 c5 e5 g5 d4 f4 a3 c3 e3 g3 d2 f2 h2 a1 e1 g1,white_king empty empty empty empty empty empty empty empty white_pawn empty empty empty empty empty empty empty empty empty empty empty empty empty empty empty empty empty empty
data/raw/kaggle_chess_positions/test/1K6-5B2-3Pr3-1R3b2-1kn4p-8-1n6-2B5.jpeg,332,d6,white_pawn,g1,empty,0.9898506999015808,1,b8 d8 f8 h8 a7 c7 e7 g7 b6 d6 f6 h6 a5 c5 e5 g5 d4 f4 a3 c3 e3 g3 d2 f2 h2 a1 e1 g1,white_king empty empty empty empty empty empty empty empty white_pawn empty empty empty empty empty empty empty empty empty empty empty empty empty empty empty empty empty empty
data/raw/kaggle_chess_positions/test/1K6-8-3r2Bq-3n4-4n3-6k1-5q2-5R2.jpeg,392,d6,black_rook,g3,black_king,0.9824144840240479,3,d6 g3,black_rook black_king
data/raw/kaggle_chess_positions/test/1K6-p7-8-2N5-8-q7-1kq5-1q6.jpeg,453,b8,white_king,c5,white_knight,0.9839766025543213,1,b8 c5,white_king white_knight
data/raw/kaggle_chess_positions/test/1KBk2n1-7R-1r3R2-8-2b1b1P1-B7-5n1B-3R4.jpeg,471,h7,white_rook,g4,white_pawn,0.98688805103302,8,h7 g4 d1,white_rook white_pawn white_rook
data/raw/kaggle_chess_positions/test/1KBk2n1-7R-1r3R2-8-2b1b1P1-B7-5n1B-3R4.jpeg,471,g4,white_pawn,d1,white_rook,0.9855766892433167,8,h7 g4 d1,white_rook white_pawn white_rook
data/raw/kaggle_chess_positions/test/1Kb4B-8-1q1R4-2p1q1B1-3P1k2-3R4-8-8.jpeg,494,b8,white_king,d6,white_rook,0.99277663230896,1,b8 d6,white_king white_rook
data/raw/kaggle_chess_positions/test/1Kb4B-8-1q1R4-2p1q1B1-3P1k2-3R4-8-8.jpeg,494,d8,empty,d4,white_pawn,0.9888454079627991,3,d8 f8 a7 c7 e7 g7 f6 h6 a5 b4 d4 h4 a3 c3 e3 g3 b2 d2 f2 h2 a1 c1 e1 g1,empty empty empty empty empty empty empty empty empty empty white_pawn empty empty empty empty empty empty empty empty empty empty empty empty empty
data/raw/kaggle_chess_positions/test/1Kb4B-8-1q1R4-2p1q1B1-3P1k2-3R4-8-8.jpeg,494,f8,empty,d4,white_pawn,0.9888753890991211,3,d8 f8 a7 c7 e7 g7 f6 h6 a5 b4 d4 h4 a3 c3 e3 g3 b2 d2 f2 h2 a1 c1 e1 g1,empty empty empty empty empty empty empty empty empty empty white_pawn empty empty empty empty empty empty empty empty empty empty empty empty empty
data/raw/kaggle_chess_positions/test/1Kb4B-8-1q1R4-2p1q1B1-3P1k2-3R4-8-8.jpeg,494,a7,empty,d4,white_pawn,0.9888792037963867,3,d8 f8 a7 c7 e7 g7 f6 h6 a5 b4 d4 h4 a3 c3 e3 g3 b2 d2 f2 h2 a1 c1 e1 g1,empty empty empty empty empty empty empty empty empty empty white_pawn empty empty empty empty empty empty empty empty empty empty empty empty empty
data/raw/kaggle_chess_positions/test/1Kb4B-8-1q1R4-2p1q1B1-3P1k2-3R4-8-8.jpeg,494,c7,empty,d4,white_pawn,0.9889260530471802,3,d8 f8 a7 c7 e7 g7 f6 h6 a5 b4 d4 h4 a3 c3 e3 g3 b2 d2 f2 h2 a1 c1 e1 g1,empty empty empty empty empty empty empty empty empty empty white_pawn empty empty empty empty empty empty empty empty empty empty empty empty empty
data/raw/kaggle_chess_positions/test/1Kb4B-8-1q1R4-2p1q1B1-3P1k2-3R4-8-8.jpeg,494,e7,empty,d4,white_pawn,0.9888805747032166,3,d8 f8 a7 c7 e7 g7 f6 h6 a5 b4 d4 h4 a3 c3 e3 g3 b2 d2 f2 h2 a1 c1 e1 g1,empty empty empty empty empty empty empty empty empty empty white_pawn empty empty empty empty empty empty empty empty empty empty empty empty empty
data/raw/kaggle_chess_positions/test/1Kb4B-8-1q1R4-2p1q1B1-3P1k2-3R4-8-8.jpeg,494,g7,empty,d4,white_pawn,0.9889260530471802,3,d8 f8 a7 c7 e7 g7 f6 h6 a5 b4 d4 h4 a3 c3 e3 g3 b2 d2 f2 h2 a1 c1 e1 g1,empty empty empty empty empty empty empty empty empty empty white_pawn empty empty empty empty empty empty empty empty empty empty empty empty empty
data/raw/kaggle_chess_positions/test/1Kb4B-8-1q1R4-2p1q1B1-3P1k2-3R4-8-8.jpeg,494,f6,empty,d4,white_pawn,0.988915741443634,3,d8 f8 a7 c7 e7 g7 f6 h6 a5 b4 d4 h4 a3 c3 e3 g3 b2 d2 f2 h2 a1 c1 e1 g1,empty empty empty empty empty empty empty empty empty empty white_pawn empty empty empty empty empty empty empty empty empty empty empty empty empty
data/raw/kaggle_chess_positions/test/1Kb4B-8-1q1R4-2p1q1B1-3P1k2-3R4-8-8.jpeg,494,h6,empty,d4,white_pawn,0.9888514280319214,3,d8 f8 a7 c7 e7 g7 f6 h6 a5 b4 d4 h4 a3 c3 e3 g3 b2 d2 f2 h2 a1 c1 e1 g1,empty empty empty empty empty empty empty empty empty empty white_pawn empty empty empty empty empty empty empty empty empty empty empty empty empty
data/raw/kaggle_chess_positions/test/1Kb4B-8-1q1R4-2p1q1B1-3P1k2-3R4-8-8.jpeg,494,a5,empty,d4,white_pawn,0.9888661503791809,3,d8 f8 a7 c7 e7 g7 f6 h6 a5 b4 d4 h4 a3 c3 e3 g3 b2 d2 f2 h2 a1 c1 e1 g1,empty empty empty empty empty empty empty empty empty empty white_pawn empty empty empty empty empty empty empty empty empty empty empty empty empty
data/raw/kaggle_chess_positions/test/1Kb4B-8-1q1R4-2p1q1B1-3P1k2-3R4-8-8.jpeg,494,b4,empty,d4,white_pawn,0.9888911843299866,3,d8 f8 a7 c7 e7 g7 f6 h6 a5 b4 d4 h4 a3 c3 e3 g3 b2 d2 f2 h2 a1 c1 e1 g1,empty empty empty empty empty empty empty empty empty empty white_pawn empty empty empty empty empty empty empty empty empty empty empty empty empty
data/raw/kaggle_chess_positions/test/1Kb4B-8-1q1R4-2p1q1B1-3P1k2-3R4-8-8.jpeg,494,d4,white_pawn,h4,empty,0.9888472557067871,3,d8 f8 a7 c7 e7 g7 f6 h6 a5 b4 d4 h4 a3 c3 e3 g3 b2 d2 f2 h2 a1 c1 e1 g1,empty empty empty empty empty empty empty empty empty empty white_pawn empty empty empty empty empty empty empty empty empty empty empty empty empty
data/raw/kaggle_chess_positions/test/1Kb4B-8-1q1R4-2p1q1B1-3P1k2-3R4-8-8.jpeg,494,d4,white_pawn,a3,empty,0.9888792037963867,3,d8 f8 a7 c7 e7 g7 f6 h6 a5 b4 d4 h4 a3 c3 e3 g3 b2 d2 f2 h2 a1 c1 e1 g1,empty empty empty empty empty empty empty empty empty empty white_pawn empty empty empty empty empty empty empty empty empty empty empty empty empty
data/raw/kaggle_chess_positions/test/1Kb4B-8-1q1R4-2p1q1B1-3P1k2-3R4-8-8.jpeg,494,d4,white_pawn,c3,empty,0.9889260530471802,3,d8 f8 a7 c7 e7 g7 f6 h6 a5 b4 d4 h4 a3 c3 e3 g3 b2 d2 f2 h2 a1 c1 e1 g1,empty empty empty empty empty empty empty empty empty empty white_pawn empty empty empty empty empty empty empty empty empty empty empty empty empty
data/raw/kaggle_chess_positions/test/1Kb4B-8-1q1R4-2p1q1B1-3P1k2-3R4-8-8.jpeg,494,d4,white_pawn,e3,empty,0.9888805747032166,3,d8 f8 a7 c7 e7 g7 f6 h6 a5 b4 d4 h4 a3 c3 e3 g3 b2 d2 f2 h2 a1 c1 e1 g1,empty empty empty empty empty empty empty empty empty empty white_pawn empty empty empty empty empty empty empty empty empty empty empty empty empty
data/raw/kaggle_chess_positions/test/1Kb4B-8-1q1R4-2p1q1B1-3P1k2-3R4-8-8.jpeg,494,d4,white_pawn,g3,empty,0.9889260530471802,3,d8 f8 a7 c7 e7 g7 f6 h6 a5 b4 d4 h4 a3 c3 e3 g3 b2 d2 f2 h2 a1 c1 e1 g1,empty empty empty empty empty empty empty empty empty empty white_pawn empty empty empty empty empty empty empty empty empty empty empty empty empty
data/raw/kaggle_chess_positions/test/1Kb4B-8-1q1R4-2p1q1B1-3P1k2-3R4-8-8.jpeg,494,d4,white_pawn,b2,empty,0.988915741443634,3,d8 f8 a7 c7 e7 g7 f6 h6 a5 b4 d4 h4 a3 c3 e3 g3 b2 d2 f2 h2 a1 c1 e1 g1,empty empty empty empty empty empty empty empty empty empty white_pawn empty empty empty empty empty empty empty empty empty empty empty empty empty
data/raw/kaggle_chess_positions/test/1Kb4B-8-1q1R4-2p1q1B1-3P1k2-3R4-8-8.jpeg,494,d4,white_pawn,d2,empty,0.9889063239097595,3,d8 f8 a7 c7 e7 g7 f6 h6 a5 b4 d4 h4 a3 c3 e3 g3 b2 d2 f2 h2 a1 c1 e1 g1,empty empty empty empty empty empty empty empty empty empty white_pawn empty empty empty empty empty empty empty empty empty empty empty empty empty
data/raw/kaggle_chess_positions/test/1Kb4B-8-1q1R4-2p1q1B1-3P1k2-3R4-8-8.jpeg,494,d4,white_pawn,f2,empty,0.988915741443634,3,d8 f8 a7 c7 e7 g7 f6 h6 a5 b4 d4 h4 a3 c3 e3 g3 b2 d2 f2 h2 a1 c1 e1 g1,empty empty empty empty empty empty empty empty empty empty white_pawn empty empty empty empty empty empty empty empty empty empty empty empty empty
data/raw/kaggle_chess_positions/test/1Kb4B-8-1q1R4-2p1q1B1-3P1k2-3R4-8-8.jpeg,494,d4,white_pawn,h2,empty,0.9888514280319214,3,d8 f8 a7 c7 e7 g7 f6 h6 a5 b4 d4 h4 a3 c3 e3 g3 b2 d2 f2 h2 a1 c1 e1 g1,empty empty empty empty empty empty empty empty empty empty white_pawn empty empty empty empty empty empty empty empty empty empty empty empty empty
data/raw/kaggle_chess_positions/test/1Kb4B-8-1q1R4-2p1q1B1-3P1k2-3R4-8-8.jpeg,494,d4,white_pawn,a1,empty,0.9888578653335571,3,d8 f8 a7 c7 e7 g7 f6 h6 a5 b4 d4 h4 a3 c3 e3 g3 b2 d2 f2 h2 a1 c1 e1 g1,empty empty empty empty empty empty empty empty empty empty white_pawn empty empty empty empty empty empty empty empty empty empty empty empty empty
data/raw/kaggle_chess_positions/test/1Kb4B-8-1q1R4-2p1q1B1-3P1k2-3R4-8-8.jpeg,494,d4,white_pawn,c1,empty,0.9888869524002075,3,d8 f8 a7 c7 e7 g7 f6 h6 a5 b4 d4 h4 a3 c3 e3 g3 b2 d2 f2 h2 a1 c1 e1 g1,empty empty empty empty empty empty empty empty empty empty white_pawn empty empty empty empty empty empty empty empty empty empty empty empty empty
data/raw/kaggle_chess_positions/test/1Kb4B-8-1q1R4-2p1q1B1-3P1k2-3R4-8-8.jpeg,494,d4,white_pawn,e1,empty,0.9888598918914795,3,d8 f8 a7 c7 e7 g7 f6 h6 a5 b4 d4 h4 a3 c3 e3 g3 b2 d2 f2 h2 a1 c1 e1 g1,empty empty empty empty empty empty empty empty empty empty white_pawn empty empty empty empty empty empty empty empty empty empty empty empty empty
data/raw/kaggle_chess_positions/test/1Kb4B-8-1q1R4-2p1q1B1-3P1k2-3R4-8-8.jpeg,494,d4,white_pawn,g1,empty,0.9888869524002075,3,d8 f8 a7 c7 e7 g7 f6 h6 a5 b4 d4 h4 a3 c3 e3 g3 b2 d2 f2 h2 a1 c1 e1 g1,empty empty empty empty empty empty empty empty empty empty white_pawn empty empty empty empty empty empty empty empty empty empty empty empty empty
data/raw/kaggle_chess_positions/test/1Kb4N-P2p3n-R7-7Q-7k-2r5-7Q-b7.jpeg,496,h8,white_knight,a7,white_pawn,0.9917201995849609,4,h8 a7 h2,white_knight white_pawn white_queen
data/raw/kaggle_chess_positions/test/1Kb4N-P2p3n-R7-7Q-7k-2r5-7Q-b7.jpeg,496,h8,white_knight,h2,white_queen,0.991419792175293,4,h8 a7 h2,white_knight white_pawn white_queen
data/raw/kaggle_chess_positions/test/1Kb4N-P2p3n-R7-7Q-7k-2r5-7Q-b7.jpeg,496,a7,white_pawn,h2,white_queen,0.9868621826171875,4,h8 a7 h2,white_knight white_pawn white_queen
data/raw/kaggle_chess_positions/test/1Krr4-RPb5-2n1k1B1-1B2nQ2-7N-4P3-2P5-8.jpeg,523,b8,white_king,a7,white_rook,0.9872797131538391,1,b8 a7,white_king white_rook
data/raw/kaggle_chess_positions/test/1Krr4-RPb5-2n1k1B1-1B2nQ2-7N-4P3-2P5-8.jpeg,523,g6,white_bishop,f5,white_queen,0.9954234957695007,9,g6 b5 f5,white_bishop white_bishop white_queen
data/raw/kaggle_chess_positions/test/1Krr4-RPb5-2n1k1B1-1B2nQ2-7N-4P3-2P5-8.jpeg,523,b5,white_bishop,f5,white_queen,0.9958714246749878,9,g6 b5 f5,white_bishop white_bishop white_queen
data/raw/kaggle_chess_positions/test/1Krr4-RPb5-2n1k1B1-1B2nQ2-7N-4P3-2P5-8.jpeg,523,h4,white_knight,e3,white_pawn,0.9897816181182861,11,h4 e3,white_knight white_pawn
data/raw/kaggle_chess_positions/test/1N1N4-3bp2N-8-3Rr3-r6p-1r4nk-B5R1-2K5.jpeg,537,h4,black_pawn,g3,black_knight,0.9826475381851196,14,h4 g3,black_pawn black_knight
data/raw/kaggle_chess_positions/test/1N1N4-8-7p-5Pbr-4r1K1-2P1rp2-8-3rQ1k1.jpeg,539,c6,empty,f5,white_pawn,0.988743782043457,3,c6 e6 f5 c4 b3 c2 e2 b1,empty empty white_pawn empty empty empty empty empty
data/raw/kaggle_chess_positions/test/1N1N4-8-7p-5Pbr-4r1K1-2P1rp2-8-3rQ1k1.jpeg,539,e6,empty,f5,white_pawn,0.9880134463310242,3,c6 e6 f5 c4 b3 c2 e2 b1,empty empty white_pawn empty empty empty empty empty
data/raw/kaggle_chess_positions/test/1N1N4-8-7p-5Pbr-4r1K1-2P1rp2-8-3rQ1k1.jpeg,539,f5,white_pawn,c4,empty,0.9886536002159119,3,c6 e6 f5 c4 b3 c2 e2 b1,empty empty white_pawn empty empty empty empty empty
data/raw/kaggle_chess_positions/test/1N1N4-8-7p-5Pbr-4r1K1-2P1rp2-8-3rQ1k1.jpeg,539,f5,white_pawn,b3,empty,0.9875558614730835,3,c6 e6 f5 c4 b3 c2 e2 b1,empty empty white_pawn empty empty empty empty empty
data/raw/kaggle_chess_positions/test/1N1N4-8-7p-5Pbr-4r1K1-2P1rp2-8-3rQ1k1.jpeg,539,f5,white_pawn,c2,empty,0.9885904788970947,3,c6 e6 f5 c4 b3 c2 e2 b1,empty empty white_pawn empty empty empty empty empty
data/raw/kaggle_chess_positions/test/1N1N4-8-7p-5Pbr-4r1K1-2P1rp2-8-3rQ1k1.jpeg,539,f5,white_pawn,e2,empty,0.9880874156951904,3,c6 e6 f5 c4 b3 c2 e2 b1,empty empty white_pawn empty empty empty empty empty
data/raw/kaggle_chess_positions/test/1N1N4-8-7p-5Pbr-4r1K1-2P1rp2-8-3rQ1k1.jpeg,539,f5,white_pawn,b1,empty,0.9881391525268555,3,c6 e6 f5 c4 b3 c2 e2 b1,empty empty white_pawn empty empty empty empty empty
data/raw/kaggle_chess_positions/test/1N1RB1r1-8-r5p1-pKr1Q3-8-8-7Q-3k3b.jpeg,548,b8,white_knight,h2,white_queen,0.9837607145309448,1,b8 h2,white_knight white_queen
data/raw/kaggle_chess_positions/test/1N2R3-K7-2R5-4q3-3k4-8-8-6R1.jpeg,590,b8,white_knight,g1,white_rook,0.9894587993621826,1,b8 g1,white_knight white_rook
data/raw/kaggle_chess_positions/test/1N2n3-Q2p4-8-8-2K1R2B-3PB3-8-Rr1k4.jpeg,601,e4,white_rook,d3,white_pawn,0.9865260124206543,11,e4 d3,white_rook white_pawn
data/raw/kaggle_chess_positions/test/1N3B2-7Q-2P5-8-6k1-1n6-1K6-8.jpeg,610,f8,white_bishop,b2,white_king,0.9842839241027832,3,f8 b2,white_bishop white_king
data/raw/kaggle_chess_positions/test/1N3b2-3r4-1N1k4-2B4B-K5pP-6N1-4b1P1-R7.jpeg,622,b8,white_knight,a1,white_rook,0.991506814956665,1,b8 b6 g3 a1,white_knight white_knight white_knight white_rook
data/raw/kaggle_chess_positions/test/1N3b2-3r4-1N1k4-2B4B-K5pP-6N1-4b1P1-R7.jpeg,622,b6,white_knight,a1,white_rook,0.9918482303619385,1,b8 b6 g3 a1,white_knight white_knight white_knight white_rook
data/raw/kaggle_chess_positions/test/1N3b2-3r4-1N1k4-2B4B-K5pP-6N1-4b1P1-R7.jpeg,622,g3,white_knight,a1,white_rook,0.9913313984870911,1,b8 b6 g3 a1,white_knight white_knight white_knight white_rook
data/raw/kaggle_chess_positions/test/1N3b2-3r4-1N1k4-2B4B-K5pP-6N1-4b1P1-R7.jpeg,622,c5,white_bishop,h4,white_pawn,0.9863494038581848,6,c5 h4,white_bishop white_pawn
data/raw/kaggle_chess_positions/test/1N3b2-4K2p-8-1R6-3n2k1-2p4N-5R2-8.jpeg,623,f8,black_bishop,c3,black_pawn,0.9806285500526428,3,f8 c3,black_bishop black_pawn
data/raw/kaggle_chess_positions/test/1N3k2-7P-2P2r2-8-n5b1-8-4K1p1-2B5.jpeg,630,b8,white_knight,c1,white_bishop,0.9805384278297424,1,b8 c1,white_knight white_bishop
data/raw/kaggle_chess_positions/test/1N3q2-4R3-b1N4R-P7-P2PKbp1-8-4k3-5b1n.jpeg,639,b8,white_knight,e7,white_rook,0.9941317439079285,1,b8 e7 h6 a5 d4,white_knight white_rook white_rook white_pawn white_pawn
data/raw/kaggle_chess_positions/test/1N3q2-4R3-b1N4R-P7-P2PKbp1-8-4k3-5b1n.jpeg,639,b8,white_knight,h6,white_rook,0.9929091930389404,1,b8 e7 h6 a5 d4,white_knight white_rook white_rook white_pawn white_pawn
data/raw/kaggle_chess_positions/test/1N3q2-4R3-b1N4R-P7-P2PKbp1-8-4k3-5b1n.jpeg,639,b8,white_knight,a5,white_pawn,0.9950918555259705,1,b8 e7 h6 a5 d4,white_knight white_rook white_rook white_pawn white_pawn
data/raw/kaggle_chess_positions/test/1N3q2-4R3-b1N4R-P7-P2PKbp1-8-4k3-5b1n.jpeg,639,b8,white_knight,d4,white_pawn,0.9954630136489868,1,b8 e7 h6 a5 d4,white_knight white_rook white_rook white_pawn white_pawn
data/raw/kaggle_chess_positions/test/1N3q2-4R3-b1N4R-P7-P2PKbp1-8-4k3-5b1n.jpeg,639,e7,white_rook,a5,white_pawn,0.984707772731781,1,b8 e7 h6 a5 d4,white_knight white_rook white_rook white_pawn white_pawn
data/raw/kaggle_chess_positions/test/1N3q2-4R3-b1N4R-P7-P2PKbp1-8-4k3-5b1n.jpeg,639,e7,white_rook,d4,white_pawn,0.9838243126869202,1,b8 e7 h6 a5 d4,white_knight white_rook white_rook white_pawn white_pawn
data/raw/kaggle_chess_positions/test/1N3q2-4R3-b1N4R-P7-P2PKbp1-8-4k3-5b1n.jpeg,639,h6,white_rook,a5,white_pawn,0.9848598837852478,1,b8 e7 h6 a5 d4,white_knight white_rook white_rook white_pawn white_pawn
data/raw/kaggle_chess_positions/test/1N3q2-4R3-b1N4R-P7-P2PKbp1-8-4k3-5b1n.jpeg,639,h6,white_rook,d4,white_pawn,0.9833630919456482,1,b8 e7 h6 a5 d4,white_knight white_rook white_rook white_pawn white_pawn
data/raw/kaggle_chess_positions/test/1N3r2-1Q6-8-KB5n-P2p1bR1-P3k3-2r5-2Q1r3.jpeg,642,f4,black_bishop,e3,black_king,0.984453558921814,11,f4 e3 e1,black_bishop black_king black_rook
data/raw/kaggle_chess_positions/test/1N3r2-1Q6-8-KB5n-P2p1bR1-P3k3-2r5-2Q1r3.jpeg,642,f4,black_bishop,e1,black_rook,0.9912707805633545,11,f4 e3 e1,black_bishop black_king black_rook
data/raw/kaggle_chess_positions/test/1N3r2-1Q6-8-KB5n-P2p1bR1-P3k3-2r5-2Q1r3.jpeg,642,e3,black_king,e1,black_rook,0.9866612553596497,11,f4 e3 e1,black_bishop black_king black_rook
data/raw/kaggle_chess_positions/test/1N4B1-5B2-B2bK3-2n2r1P-2p2n2-8-2n5-B3k3.jpeg,648,d6,black_bishop,c5,black_knight,0.983761191368103,9,d6 c5 f4,black_bishop black_knight black_knight
data/raw/kaggle_chess_positions/test/1N4B1-5B2-B2bK3-2n2r1P-2p2n2-8-2n5-B3k3.jpeg,648,d6,black_bishop,f4,black_knight,0.9807673096656799,9,d6 c5 f4,black_bishop black_knight black_knight
data/raw/kaggle_chess_positions/test/1N5B-1R6-4b3-4K2B-5q1k-3P4-5P1R-6b1.jpeg,671,d8,empty,g1,black_bishop,0.9810667037963867,2,d8 g7 d4 g1,empty empty empty black_bishop
data/raw/kaggle_chess_positions/test/1N5B-1R6-4b3-4K2B-5q1k-3P4-5P1R-6b1.jpeg,671,g7,empty,g1,black_bishop,0.9831091165542603,2,d8 g7 d4 g1,empty empty empty black_bishop
data/raw/kaggle_chess_positions/test/1N5B-1R6-4b3-4K2B-5q1k-3P4-5P1R-6b1.jpeg,671,d4,empty,g1,black_bishop,0.9812532067298889,2,d8 g7 d4 g1,empty empty empty black_bishop
data/raw/kaggle_chess_positions/test/1N5R-8-K7-4k1N1-3b4-3np3-6p1-4Q3.jpeg,679,d4,black_bishop,e3,black_pawn,0.9894594550132751,6,d4 e3,black_bishop black_pawn
data/raw/kaggle_chess_positions/test/1N5n-p7-7r-2N4b-2K1k3-Pp6-4N2b-3Q4.jpeg,693,a7,black_pawn,h2,black_bishop,0.9888455271720886,4,a7 h2,black_pawn black_bishop
data/raw/kaggle_chess_positions/test/1N6-1br3q1-2K4b-7p-Q2P1k2-4p2N-2N3p1-b7.jpeg,708,h6,black_bishop,f4,black_king,0.9938490390777588,7,h6 f4 a1,black_bishop black_king black_bishop
data/raw/kaggle_chess_positions/test/1N6-1br3q1-2K4b-7p-Q2P1k2-4p2N-2N3p1-b7.jpeg,708,f4,black_king,a1,black_bishop,0.9965795278549194,7,h6 f4 a1,black_bishop black_king black_bishop
data/raw/kaggle_chess_positions/test/1N6-2R1q3-1RB5-3N1k2-3Q3N-PK5N-8-2qQ3N.jpeg,724,b8,white_knight,c7,white_rook,0.9945129752159119,1,b8 c7 b6 h4 a3,white_knight white_rook white_rook white_knight white_pawn
data/raw/kaggle_chess_positions/test/1N6-2R1q3-1RB5-3N1k2-3Q3N-PK5N-8-2qQ3N.jpeg,724,b8,white_knight,b6,white_rook,0.9941399693489075,1,b8 c7 b6 h4 a3,white_knight white_rook white_rook white_knight white_pawn
data/raw/kaggle_chess_positions/test/1N6-2R1q3-1RB5-3N1k2-3Q3N-PK5N-8-2qQ3N.jpeg,724,b8,white_knight,a3,white_pawn,0.9884508848190308,1,b8 c7 b6 h4 a3,white_knight white_rook white_rook white_knight white_pawn
data/raw/kaggle_chess_positions/test/1N6-2R1q3-1RB5-3N1k2-3Q3N-PK5N-8-2qQ3N.jpeg,724,c7,white_rook,h4,white_knight,0.990237295627594,1,b8 c7 b6 h4 a3,white_knight white_rook white_rook white_knight white_pawn
data/raw/kaggle_chess_positions/test/1N6-2R1q3-1RB5-3N1k2-3Q3N-PK5N-8-2qQ3N.jpeg,724,c7,white_rook,a3,white_pawn,0.9846826195716858,1,b8 c7 b6 h4 a3,white_knight white_rook white_rook white_knight white_pawn
data/raw/kaggle_chess_positions/test/1N6-2R1q3-1RB5-3N1k2-3Q3N-PK5N-8-2qQ3N.jpeg,724,b6,white_rook,h4,white_knight,0.9902588725090027,1,b8 c7 b6 h4 a3,white_knight white_rook white_rook white_knight white_pawn
data/raw/kaggle_chess_positions/test/1N6-2R1q3-1RB5-3N1k2-3Q3N-PK5N-8-2qQ3N.jpeg,724,b6,white_rook,a3,white_pawn,0.9837740063667297,1,b8 c7 b6 h4 a3,white_knight white_rook white_rook white_knight white_pawn
data/raw/kaggle_chess_positions/test/1N6-2R1q3-1RB5-3N1k2-3Q3N-PK5N-8-2qQ3N.jpeg,724,h4,white_knight,a3,white_pawn,0.9880826473236084,1,b8 c7 b6 h4 a3,white_knight white_rook white_rook white_knight white_pawn
data/raw/kaggle_chess_positions/test/1N6-2R1q3-1RB5-3N1k2-3Q3N-PK5N-8-2qQ3N.jpeg,724,d5,white_knight,d1,white_queen,0.9908301830291748,5,d5 h3 d1 h1,white_knight white_knight white_queen white_knight
data/raw/kaggle_chess_positions/test/1N6-2R1q3-1RB5-3N1k2-3Q3N-PK5N-8-2qQ3N.jpeg,724,h3,white_knight,d1,white_queen,0.9913743734359741,5,d5 h3 d1 h1,white_knight white_knight white_queen white_knight
data/raw/kaggle_chess_positions/test/1N6-2R1q3-1RB5-3N1k2-3Q3N-PK5N-8-2qQ3N.jpeg,724,d1,white_queen,h1,white_knight,0.9929899573326111,5,d5 h3 d1 h1,white_knight white_knight white_queen white_knight
data/raw/kaggle_chess_positions/test/1N6-3B3k-2r4b-1NR5-7p-8-2K2Q2-q5nn.jpeg,730,b8,white_knight,f2,white_queen,0.9858417510986328,1,b8 f2,white_knight white_queen
data/raw/kaggle_chess_positions/test/1N6-3B3k-2r4b-1NR5-7p-8-2K2Q2-q5nn.jpeg,730,d8,empty,c5,white_rook,0.9835600256919861,2,d8 f8 h8 a7 c7 e7 g7 b6 d6 f6 a5 c5 e5 g5 b4 d4 f4 a3 c3 e3 g3 b2 d2 h2 c1 e1,empty empty empty empty empty empty empty empty empty empty empty white_rook empty empty empty empty empty empty empty empty empty empty empty empty empty empty
data/raw/kaggle_chess_positions/test/1N6-3B3k-2r4b-1NR5-7p-8-2K2Q2-q5nn.jpeg,730,f8,empty,c5,white_rook,0.9835528135299683,2,d8 f8 h8 a7 c7 e7 g7 b6 d6 f6 a5 c5 e5 g5 b4 d4 f4 a3 c3 e3 g3 b2 d2 h2 c1 e1,empty empty empty empty empty empty empty empty empty empty empty white_rook empty empty empty empty empty empty empty empty empty empty empty empty empty empty
data/raw/kaggle_chess_positions/test/1N6-3B3k-2r4b-1NR5-7p-8-2K2Q2-q5nn.jpeg,730,h8,empty,c5,white_rook,0.9835519194602966,2,d8 f8 h8 a7 c7 e7 g7 b6 d6 f6 a5 c5 e5 g5 b4 d4 f4 a3 c3 e3 g3 b2 d2 h2 c1 e1,empty empty empty empty empty empty empty empty empty empty empty white_rook empty empty empty empty empty empty empty empty empty empty empty empty empty empty
data/raw/kaggle_chess_positions/test/1N6-3B3k-2r4b-1NR5-7p-8-2K2Q2-q5nn.jpeg,730,a7,empty,c5,white_rook,0.9835672378540039,2,d8 f8 h8 a7 c7 e7 g7 b6 d6 f6 a5 c5 e5 g5 b4 d4 f4 a3 c3 e3 g3 b2 d2 h2 c1 e1,empty empty empty empty empty empty empty empty empty empty empty white_rook empty empty empty empty empty empty empty empty empty empty empty empty empty empty
data/raw/kaggle_chess_positions/test/1N6-3B3k-2r4b-1NR5-7p-8-2K2Q2-q5nn.jpeg,730,c7,empty,c5,white_rook,0.9836010932922363,2,d8 f8 h8 a7 c7 e7 g7 b6 d6 f6 a5 c5 e5 g5 b4 d4 f4 a3 c3 e3 g3 b2 d2 h2 c1 e1,empty empty empty empty empty empty empty empty empty empty empty white_rook empty empty empty empty empty empty empty empty empty empty empty empty empty empty
data/raw/kaggle_chess_positions/test/1N6-3B3k-2r4b-1NR5-7p-8-2K2Q2-q5nn.jpeg,730,e7,empty,c5,white_rook,0.9835584759712219,2,d8 f8 h8 a7 c7 e7 g7 b6 d6 f6 a5 c5 e5 g5 b4 d4 f4 a3 c3 e3 g3 b2 d2 h2 c1 e1,empty empty empty empty empty empty empty empty empty empty empty white_rook empty empty empty empty empty empty empty empty empty empty empty empty empty empty
data/raw/kaggle_chess_positions/test/1N6-3B3k-2r4b-1NR5-7p-8-2K2Q2-q5nn.jpeg,730,g7,empty,c5,white_rook,0.9835845232009888,2,d8 f8 h8 a7 c7 e7 g7 b6 d6 f6 a5 c5 e5 g5 b4 d4 f4 a3 c3 e3 g3 b2 d2 h2 c1 e1,empty empty empty empty empty empty empty empty empty empty empty white_rook empty empty empty empty empty empty empty empty empty empty empty empty empty empty
data/raw/kaggle_chess_positions/test/1N6-3B3k-2r4b-1NR5-7p-8-2K2Q2-q5nn.jpeg,730,b6,empty,c5,white_rook,0.9836897850036621,2,d8 f8 h8 a7 c7 e7 g7 b6 d6 f6 a5 c5 e5 g5 b4 d4 f4 a3 c3 e3 g3 b2 d2 h2 c1 e1,empty empty empty empty empty empty empty empty empty empty empty white_rook empty empty empty empty empty empty empty empty empty empty empty empty empty empty
data/raw/kaggle_chess_positions/test/1N6-3B3k-2r4b-1NR5-7p-8-2K2Q2-q5nn.jpeg,730,d6,empty,c5,white_rook,0.9836668372154236,2,d8 f8 h8 a7 c7 e7 g7 b6 d6 f6 a5 c5 e5 g5 b4 d4 f4 a3 c3 e3 g3 b2 d2 h2 c1 e1,empty empty empty empty empty empty empty empty empty empty empty white_rook empty empty empty empty empty empty empty empty empty empty empty empty empty empty
data/raw/kaggle_chess_positions/test/1N6-3B3k-2r4b-1NR5-7p-8-2K2Q2-q5nn.jpeg,730,f6,empty,c5,white_rook,0.9836342334747314,2,d8 f8 h8 a7 c7 e7 g7 b6 d6 f6 a5 c5 e5 g5 b4 d4 f4 a3 c3 e3 g3 b2 d2 h2 c1 e1,empty empty empty empty empty empty empty empty empty empty empty white_rook empty empty empty empty empty empty empty empty empty empty empty empty empty empty
data/raw/kaggle_chess_positions/test/1N6-3B3k-2r4b-1NR5-7p-8-2K2Q2-q5nn.jpeg,730,a5,empty,c5,white_rook,0.9835489392280579,2,d8 f8 h8 a7 c7 e7 g7 b6 d6 f6 a5 c5 e5 g5 b4 d4 f4 a3 c3 e3 g3 b2 d2 h2 c1 e1,empty empty empty empty empty empty empty empty empty empty empty white_rook empty empty empty empty empty empty empty empty empty empty empty empty empty empty
data/raw/kaggle_chess_positions/test/1N6-3B3k-2r4b-1NR5-7p-8-2K2Q2-q5nn.jpeg,730,c5,white_rook,e5,empty,0.9835386872291565,2,d8 f8 h8 a7 c7 e7 g7 b6 d6 f6 a5 c5 e5 g5 b4 d4 f4 a3 c3 e3 g3 b2 d2 h2 c1 e1,empty empty empty empty empty empty empty empty empty empty empty white_rook empty empty empty empty empty empty empty empty empty empty empty empty empty empty
data/raw/kaggle_chess_positions/test/1N6-3B3k-2r4b-1NR5-7p-8-2K2Q2-q5nn.jpeg,730,c5,white_rook,g5,empty,0.9835377335548401,2,d8 f8 h8 a7 c7 e7 g7 b6 d6 f6 a5 c5 e5 g5 b4 d4 f4 a3 c3 e3 g3 b2 d2 h2 c1 e1,empty empty empty empty empty empty empty empty empty empty empty white_rook empty empty empty empty empty empty empty empty empty empty empty empty empty empty
data/raw/kaggle_chess_positions/test/1N6-3B3k-2r4b-1NR5-7p-8-2K2Q2-q5nn.jpeg,730,c5,white_rook,b4,empty,0.9836136698722839,2,d8 f8 h8 a7 c7 e7 g7 b6 d6 f6 a5 c5 e5 g5 b4 d4 f4 a3 c3 e3 g3 b2 d2 h2 c1 e1,empty empty empty empty empty empty empty empty empty empty empty white_rook empty empty empty empty empty empty empty empty empty empty empty empty empty empty
data/raw/kaggle_chess_positions/test/1N6-3B3k-2r4b-1NR5-7p-8-2K2Q2-q5nn.jpeg,730,c5,white_rook,d4,empty,0.9835420846939087,2,d8 f8 h8 a7 c7 e7 g7 b6 d6 f6 a5 c5 e5 g5 b4 d4 f4 a3 c3 e3 g3 b2 d2 h2 c1 e1,empty empty empty empty empty empty empty empty empty empty empty white_rook empty empty empty empty empty empty empty empty empty empty empty empty empty empty
data/raw/kaggle_chess_positions/test/1N6-3B3k-2r4b-1NR5-7p-8-2K2Q2-q5nn.jpeg,730,c5,white_rook,f4,empty,0.983572781085968,2,d8 f8 h8 a7 c7 e7 g7 b6 d6 f6 a5 c5 e5 g5 b4 d4 f4 a3 c3 e3 g3 b2 d2 h2 c1 e1,empty empty empty empty empty empty empty empty empty empty empty white_rook empty empty empty empty empty empty empty empty empty empty empty empty empty empty
data/raw/kaggle_chess_positions/test/1N6-3B3k-2r4b-1NR5-7p-8-2K2Q2-q5nn.jpeg,730,c5,white_rook,a3,empty,0.9835672378540039,2,d8 f8 h8 a7 c7 e7 g7 b6 d6 f6 a5 c5 e5 g5 b4 d4 f4 a3 c3 e3 g3 b2 d2 h2 c1 e1,empty empty empty empty empty empty empty empty empty empty empty white_rook empty empty empty empty empty empty empty empty empty empty empty empty empty empty
data/raw/kaggle_chess_positions/test/1N6-3B3k-2r4b-1NR5-7p-8-2K2Q2-q5nn.jpeg,730,c5,white_rook,c3,empty,0.9837338328361511,2,d8 f8 h8 a7 c7 e7 g7 b6 d6 f6 a5 c5 e5 g5 b4 d4 f4 a3 c3 e3 g3 b2 d2 h2 c1 e1,empty empty empty empty empty empty empty empty empty empty empty white_rook empty empty empty empty empty empty empty empty empty empty empty empty empty empty
data/raw/kaggle_chess_positions/test/1N6-3B3k-2r4b-1NR5-7p-8-2K2Q2-q5nn.jpeg,730,c5,white_rook,e3,empty,0.9835584759712219,2,d8 f8 h8 a7 c7 e7 g7 b6 d6 f6 a5 c5 e5 g5 b4 d4 f4 a3 c3 e3 g3 b2 d2 h2 c1 e1,empty empty empty empty empty empty empty empty empty empty empty white_rook empty empty empty empty empty empty empty empty empty empty empty empty empty empty
data/raw/kaggle_chess_positions/test/1N6-3B3k-2r4b-1NR5-7p-8-2K2Q2-q5nn.jpeg,730,c5,white_rook,g3,empty,0.9835845232009888,2,d8 f8 h8 a7 c7 e7 g7 b6 d6 f6 a5 c5 e5 g5 b4 d4 f4 a3 c3 e3 g3 b2 d2 h2 c1 e1,empty empty empty empty empty empty empty empty empty empty empty white_rook empty empty empty empty empty empty empty empty empty empty empty empty empty empty
data/raw/kaggle_chess_positions/test/1N6-3B3k-2r4b-1NR5-7p-8-2K2Q2-q5nn.jpeg,730,c5,white_rook,b2,empty,0.9836358428001404,2,d8 f8 h8 a7 c7 e7 g7 b6 d6 f6 a5 c5 e5 g5 b4 d4 f4 a3 c3 e3 g3 b2 d2 h2 c1 e1,empty empty empty empty empty empty empty empty empty empty empty white_rook empty empty empty empty empty empty empty empty empty empty empty empty empty empty
data/raw/kaggle_chess_positions/test/1N6-3B3k-2r4b-1NR5-7p-8-2K2Q2-q5nn.jpeg,730,c5,white_rook,d2,empty,0.9835799336433411,2,d8 f8 h8 a7 c7 e7 g7 b6 d6 f6 a5 c5 e5 g5 b4 d4 f4 a3 c3 e3 g3 b2 d2 h2 c1 e1,empty empty empty empty empty empty empty empty empty empty empty white_rook empty empty empty empty empty empty empty empty empty empty empty empty empty empty
data/raw/kaggle_chess_positions/test/1N6-3B3k-2r4b-1NR5-7p-8-2K2Q2-q5nn.jpeg,730,c5,white_rook,h2,empty,0.9835816025733948,2,d8 f8 h8 a7 c7 e7 g7 b6 d6 f6 a5 c5 e5 g5 b4 d4 f4 a3 c3 e3 g3 b2 d2 h2 c1 e1,empty empty empty empty empty empty empty empty empty empty empty white_rook empty empty empty empty empty empty empty empty empty empty empty empty empty empty
data/raw/kaggle_chess_positions/test/1N6-3B3k-2r4b-1NR5-7p-8-2K2Q2-q5nn.jpeg,730,c5,white_rook,c1,empty,0.9835889935493469,2,d8 f8 h8 a7 c7 e7 g7 b6 d6 f6 a5 c5 e5 g5 b4 d4 f4 a3 c3 e3 g3 b2 d2 h2 c1 e1,empty empty empty empty empty empty empty empty empty empty empty white_rook empty empty empty empty empty empty empty empty empty empty empty empty empty empty
data/raw/kaggle_chess_positions/test/1N6-3B3k-2r4b-1NR5-7p-8-2K2Q2-q5nn.jpeg,730,c5,white_rook,e1,empty,0.9835511445999146,2,d8 f8 h8 a7 c7 e7 g7 b6 d6 f6 a5 c5 e5 g5 b4 d4 f4 a3 c3 e3 g3 b2 d2 h2 c1 e1,empty empty empty empty empty empty empty empty empty empty empty white_rook empty empty empty empty empty empty empty empty empty empty empty empty empty empty
data/raw/kaggle_chess_positions/test/1N6-3bK3-1r1B1B2-8-P5k1-1r4N1-8-5R2.jpeg,738,a4,white_pawn,f1,white_rook,0.9887068867683411,8,a4 f1,white_pawn white_rook
data/raw/kaggle_chess_positions/test/1N6-5P2-K1kn2N1-3rn3-2B5-8-3Pq3-bq6.jpeg,756,a6,white_king,c4,white_bishop,0.9861568808555603,4,a6 c4,white_king white_bishop
data/raw/kaggle_chess_positions/test/1N6-8-5k2-5Q1q-B1K5-8-8-8.jpeg,775,f5,white_queen,a4,white_bishop,0.9886845946311951,4,f5 a4,white_queen white_bishop
data/raw/kaggle_chess_positions/test/1Nk2r2-7P-2p5-8-4Bb2-1K6-2N1b1n1-n3Nr2.jpeg,828,f4,black_bishop,a1,black_knight,0.9926918745040894,8,f4 a1,black_bishop black_knight
data/raw/kaggle_chess_positions/test/1Nn1R3-3p4-1K3N2-Nq4r1-1q1b4-4k3-6R1-r2b4.jpeg,832,d4,black_bishop,e3,black_king,0.994086503982544,10,d4 e3,black_bishop black_king
data/raw/kaggle_chess_positions/test/1Q1nN3-8-2Np3B-8-K7-2R5-kN3R2-1bn5.jpeg,864,d6,black_pawn,c1,black_knight,0.9811494946479797,7,d6 c1,black_pawn black_knight
data/raw/kaggle_chess_positions/test/1Q2n2k-8-8-rn2n3-1R6-8-8-3K4.jpeg,878,d8,empty,b4,white_rook,0.9829503297805786,2,d8 f8 a7 c7 e7 g7 b6 d6 f6 h6 c5 g5 b4 d4 f4 h4 a3 c3 e3 g3 b2 d2 f2 h2 a1 c1 e1 g1,empty empty empty empty empty empty empty empty empty empty empty empty white_rook empty empty empty empty empty empty empty empty empty empty empty empty empty empty empty
data/raw/kaggle_chess_positions/test/1Q2n2k-8-8-rn2n3-1R6-8-8-3K4.jpeg,878,f8,empty,b4,white_rook,0.9829805493354797,2,d8 f8 a7 c7 e7 g7 b6 d6 f6 h6 c5 g5 b4 d4 f4 h4 a3 c3 e3 g3 b2 d2 f2 h2 a1 c1 e1 g1,empty empty empty empty empty empty empty empty empty empty empty empty white_rook empty empty empty empty empty empty empty empty empty empty empty empty empty empty empty
data/raw/kaggle_chess_positions/test/1Q2n2k-8-8-rn2n3-1R6-8-8-3K4.jpeg,878,a7,empty,b4,white_rook,0.9829936027526855,2,d8 f8 a7 c7 e7 g7 b6 d6 f6 h6 c5 g5 b4 d4 f4 h4 a3 c3 e3 g3 b2 d2 f2 h2 a1 c1 e1 g1,empty empty empty empty empty empty empty empty empty empty empty empty white_rook empty empty empty empty empty empty empty empty empty empty empty empty empty empty empty
data/raw/kaggle_chess_positions/test/1Q2n2k-8-8-rn2n3-1R6-8-8-3K4.jpeg,878,c7,empty,b4,white_rook,0.9830101132392883,2,d8 f8 a7 c7 e7 g7 b6 d6 f6 h6 c5 g5 b4 d4 f4 h4 a3 c3 e3 g3 b2 d2 f2 h2 a1 c1 e1 g1,empty empty empty empty empty empty empty empty empty empty empty empty white_rook empty empty empty empty empty empty empty empty empty empty empty empty empty empty empty
data/raw/kaggle_chess_positions/test/1Q2n2k-8-8-rn2n3-1R6-8-8-3K4.jpeg,878,e7,empty,b4,white_rook,0.9829847812652588,2,d8 f8 a7 c7 e7 g7 b6 d6 f6 h6 c5 g5 b4 d4 f4 h4 a3 c3 e3 g3 b2 d2 f2 h2 a1 c1 e1 g1,empty empty empty empty empty empty empty empty empty empty empty empty white_rook empty empty empty empty empty empty empty empty empty empty empty empty empty empty empty
data/raw/kaggle_chess_positions/test/1Q2n2k-8-8-rn2n3-1R6-8-8-3K4.jpeg,878,g7,empty,b4,white_rook,0.9830101132392883,2,d8 f8 a7 c7 e7 g7 b6 d6 f6 h6 c5 g5 b4 d4 f4 h4 a3 c3 e3 g3 b2 d2 f2 h2 a1 c1 e1 g1,empty empty empty empty empty empty empty empty empty empty empty empty white_rook empty empty empty empty empty empty empty empty empty empty empty empty empty empty empty
data/raw/kaggle_chess_positions/test/1Q2n2k-8-8-rn2n3-1R6-8-8-3K4.jpeg,878,b6,empty,b4,white_rook,0.9830757975578308,2,d8 f8 a7 c7 e7 g7 b6 d6 f6 h6 c5 g5 b4 d4 f4 h4 a3 c3 e3 g3 b2 d2 f2 h2 a1 c1 e1 g1,empty empty empty empty empty empty empty empty empty empty empty empty white_rook empty empty empty empty empty empty empty empty empty empty empty empty empty empty empty
data/raw/kaggle_chess_positions/test/1Q2n2k-8-8-rn2n3-1R6-8-8-3K4.jpeg,878,d6,empty,b4,white_rook,0.9830084443092346,2,d8 f8 a7 c7 e7 g7 b6 d6 f6 h6 c5 g5 b4 d4 f4 h4 a3 c3 e3 g3 b2 d2 f2 h2 a1 c1 e1 g1,empty empty empty empty empty empty empty empty empty empty empty empty white_rook empty empty empty empty empty empty empty empty empty empty empty empty empty empty empty
data/raw/kaggle_chess_positions/test/1Q2n2k-8-8-rn2n3-1R6-8-8-3K4.jpeg,878,f6,empty,b4,white_rook,0.9830625057220459,2,d8 f8 a7 c7 e7 g7 b6 d6 f6 h6 c5 g5 b4 d4 f4 h4 a3 c3 e3 g3 b2 d2 f2 h2 a1 c1 e1 g1,empty empty empty empty empty empty empty empty empty empty empty empty white_rook empty empty empty empty empty empty empty empty empty empty empty empty empty empty empty
data/raw/kaggle_chess_positions/test/1Q2n2k-8-8-rn2n3-1R6-8-8-3K4.jpeg,878,h6,empty,b4,white_rook,0.9830102324485779,2,d8 f8 a7 c7 e7 g7 b6 d6 f6 h6 c5 g5 b4 d4 f4 h4 a3 c3 e3 g3 b2 d2 f2 h2 a1 c1 e1 g1,empty empty empty empty empty empty empty empty empty empty empty empty white_rook empty empty empty empty empty empty empty empty empty empty empty empty empty empty empty
data/raw/kaggle_chess_positions/test/1Q2n2k-8-8-rn2n3-1R6-8-8-3K4.jpeg,878,c5,empty,b4,white_rook,0.982964038848877,2,d8 f8 a7 c7 e7 g7 b6 d6 f6 h6 c5 g5 b4 d4 f4 h4 a3 c3 e3 g3 b2 d2 f2 h2 a1 c1 e1 g1,empty empty empty empty empty empty empty empty empty empty empty empty white_rook empty empty empty empty empty empty empty empty empty empty empty empty empty empty empty
data/raw/kaggle_chess_positions/test/1Q2n2k-8-8-rn2n3-1R6-8-8-3K4.jpeg,878,g5,empty,b4,white_rook,0.982964038848877,2,d8 f8 a7 c7 e7 g7 b6 d6 f6 h6 c5 g5 b4 d4 f4 h4 a3 c3 e3 g3 b2 d2 f2 h2 a1 c1 e1 g1,empty empty empty empty empty empty empty empty empty empty empty empty white_rook empty empty empty empty empty empty empty empty empty empty empty empty empty empty empty
data/raw/kaggle_chess_positions/test/1Q2n2k-8-8-rn2n3-1R6-8-8-3K4.jpeg,878,b4,white_rook,d4,empty,0.9829702377319336,2,d8 f8 a7 c7 e7 g7 b6 d6 f6 h6 c5 g5 b4 d4 f4 h4 a3 c3 e3 g3 b2 d2 f2 h2 a1 c1 e1 g1,empty empty empty empty empty empty empty empty empty empty empty empty white_rook empty empty empty empty empty empty empty empty empty empty empty empty empty empty empty
data/raw/kaggle_chess_positions/test/1Q2n2k-8-8-rn2n3-1R6-8-8-3K4.jpeg,878,b4,white_rook,f4,empty,0.9830003976821899,2,d8 f8 a7 c7 e7 g7 b6 d6 f6 h6 c5 g5 b4 d4 f4 h4 a3 c3 e3 g3 b2 d2 f2 h2 a1 c1 e1 g1,empty empty empty empty empty empty empty empty empty empty empty empty white_rook empty empty empty empty empty empty empty empty empty empty empty empty empty empty empty
data/raw/kaggle_chess_positions/test/1Q2n2k-8-8-rn2n3-1R6-8-8-3K4.jpeg,878,b4,white_rook,h4,empty,0.9829720854759216,2,d8 f8 a7 c7 e7 g7 b6 d6 f6 h6 c5 g5 b4 d4 f4 h4 a3 c3 e3 g3 b2 d2 f2 h2 a1 c1 e1 g1,empty empty empty empty empty empty empty empty empty empty empty empty white_rook empty empty empty empty empty empty empty empty empty empty empty empty empty empty empty
data/raw/kaggle_chess_positions/test/1Q2n2k-8-8-rn2n3-1R6-8-8-3K4.jpeg,878,b4,white_rook,a3,empty,0.9829933047294617,2,d8 f8 a7 c7 e7 g7 b6 d6 f6 h6 c5 g5 b4 d4 f4 h4 a3 c3 e3 g3 b2 d2 f2 h2 a1 c1 e1 g1,empty empty empty empty empty empty empty empty empty empty empty empty white_rook empty empty empty empty empty empty empty empty empty empty empty empty empty empty empty
data/raw/kaggle_chess_positions/test/1Q2n2k-8-8-rn2n3-1R6-8-8-3K4.jpeg,878,b4,white_rook,c3,empty,0.9830101132392883,2,d8 f8 a7 c7 e7 g7 b6 d6 f6 h6 c5 g5 b4 d4 f4 h4 a3 c3 e3 g3 b2 d2 f2 h2 a1 c1 e1 g1,empty empty empty empty empty empty empty empty empty empty empty empty white_rook empty empty empty empty empty empty empty empty empty empty empty empty empty empty empty
data/raw/kaggle_chess_positions/test/1Q2n2k-8-8-rn2n3-1R6-8-8-3K4.jpeg,878,b4,white_rook,e3,empty,0.9829847812652588,2,d8 f8 a7 c7 e7 g7 b6 d6 f6 h6 c5 g5 b4 d4 f4 h4 a3 c3 e3 g3 b2 d2 f2 h2 a1 c1 e1 g1,empty empty empty empty empty empty empty empty empty empty empty empty white_rook empty empty empty empty empty empty empty empty empty empty empty empty empty empty empty
data/raw/kaggle_chess_positions/test/1Q2n2k-8-8-rn2n3-1R6-8-8-3K4.jpeg,878,b4,white_rook,g3,empty,0.9830101132392883,2,d8 f8 a7 c7 e7 g7 b6 d6 f6 h6 c5 g5 b4 d4 f4 h4 a3 c3 e3 g3 b2 d2 f2 h2 a1 c1 e1 g1,empty empty empty empty empty empty empty empty empty empty empty empty white_rook empty empty empty empty empty empty empty empty empty empty empty empty empty empty empty
data/raw/kaggle_chess_positions/test/1Q2n2k-8-8-rn2n3-1R6-8-8-3K4.jpeg,878,b4,white_rook,b2,empty,0.9830625057220459,2,d8 f8 a7 c7 e7 g7 b6 d6 f6 h6 c5 g5 b4 d4 f4 h4 a3 c3 e3 g3 b2 d2 f2 h2 a1 c1 e1 g1,empty empty empty empty empty empty empty empty empty empty empty empty white_rook empty empty empty empty empty empty empty empty empty empty empty empty empty empty empty
data/raw/kaggle_chess_positions/test/1Q2n2k-8-8-rn2n3-1R6-8-8-3K4.jpeg,878,b4,white_rook,d2,empty,0.9830084443092346,2,d8 f8 a7 c7 e7 g7 b6 d6 f6 h6 c5 g5 b4 d4 f4 h4 a3 c3 e3 g3 b2 d2 f2 h2 a1 c1 e1 g1,empty empty empty empty empty empty empty empty empty empty empty empty white_rook empty empty empty empty empty empty empty empty empty empty empty empty empty empty empty
data/raw/kaggle_chess_positions/test/1Q2n2k-8-8-rn2n3-1R6-8-8-3K4.jpeg,878,b4,white_rook,f2,empty,0.9830625057220459,2,d8 f8 a7 c7 e7 g7 b6 d6 f6 h6 c5 g5 b4 d4 f4 h4 a3 c3 e3 g3 b2 d2 f2 h2 a1 c1 e1 g1,empty empty empty empty empty empty empty empty empty empty empty empty white_rook empty empty empty empty empty empty empty empty empty empty empty empty empty empty empty
data/raw/kaggle_chess_positions/test/1Q2n2k-8-8-rn2n3-1R6-8-8-3K4.jpeg,878,b4,white_rook,h2,empty,0.9830102324485779,2,d8 f8 a7 c7 e7 g7 b6 d6 f6 h6 c5 g5 b4 d4 f4 h4 a3 c3 e3 g3 b2 d2 f2 h2 a1 c1 e1 g1,empty empty empty empty empty empty empty empty empty empty empty empty white_rook empty empty empty empty empty empty empty empty empty empty empty empty empty empty empty
data/raw/kaggle_chess_positions/test/1Q2n2k-8-8-rn2n3-1R6-8-8-3K4.jpeg,878,b4,white_rook,a1,empty,0.9829869866371155,2,d8 f8 a7 c7 e7 g7 b6 d6 f6 h6 c5 g5 b4 d4 f4 h4 a3 c3 e3 g3 b2 d2 f2 h2 a1 c1 e1 g1,empty empty empty empty empty empty empty empty empty empty empty empty white_rook empty empty empty empty empty empty empty empty empty empty empty empty empty empty empty
data/raw/kaggle_chess_positions/test/1Q2n2k-8-8-rn2n3-1R6-8-8-3K4.jpeg,878,b4,white_rook,c1,empty,0.9830103516578674,2,d8 f8 a7 c7 e7 g7 b6 d6 f6 h6 c5 g5 b4 d4 f4 h4 a3 c3 e3 g3 b2 d2 f2 h2 a1 c1 e1 g1,empty empty empty empty empty empty empty empty empty empty empty empty white_rook empty empty empty empty empty empty empty empty empty empty empty empty empty empty empty
data/raw/kaggle_chess_positions/test/1Q2n2k-8-8-rn2n3-1R6-8-8-3K4.jpeg,878,b4,white_rook,e1,empty,0.982978343963623,2,d8 f8 a7 c7 e7 g7 b6 d6 f6 h6 c5 g5 b4 d4 f4 h4 a3 c3 e3 g3 b2 d2 f2 h2 a1 c1 e1 g1,empty empty empty empty empty empty empty empty empty empty empty empty white_rook empty empty empty empty empty empty empty empty empty empty empty empty empty empty empty
data/raw/kaggle_chess_positions/test/1Q2n2k-8-8-rn2n3-1R6-8-8-3K4.jpeg,878,b4,white_rook,g1,empty,0.982975959777832,2,d8 f8 a7 c7 e7 g7 b6 d6 f6 h6 c5 g5 b4 d4 f4 h4 a3 c3 e3 g3 b2 d2 f2 h2 a1 c1 e1 g1,empty empty empty empty empty empty empty empty empty empty empty empty white_rook empty empty empty empty empty empty empty empty empty empty empty empty empty empty empty
data/raw/kaggle_chess_positions/test/1Q3R2-qK6-3b2Q1-1BQ5-2p5-Bn3R2-5N2-B6k.jpeg,886,b7,white_king,b5,white_bishop,0.9826334118843079,5,b7 b5,white_king white_bishop
data/raw/kaggle_chess_positions/test/1Q6-1P6-8-1R1k2p1-8-2K2rr1-6qn-8.jpeg,921,g5,black_pawn,h2,black_knight,0.9909433126449585,6,g5 h2,black_pawn black_knight
data/raw/kaggle_chess_positions/test/1Q6-2K5-1r2R1P1-1Q2k3-8-P2P1p2-B3Pn2-2r1b3.jpeg,928,e5,black_king,c1,black_rook,0.9958241581916809,9,e5 c1,black_king black_rook
data/raw/kaggle_chess_positions/test/1Q6-3K4-4b3-N1n4p-3BR2k-1B6-3N4-8.jpeg,932,d7,white_king,e4,white_rook,0.9951981902122498,4,d7 e4,white_king white_rook
data/raw/kaggle_chess_positions/test/1Q6-3P1rB1-K1Pr3P-3R1p2-7k-8-4b3-7q.jpeg,933,d7,white_pawn,d5,white_rook,0.9893118739128113,3,d7 c6 d5,white_pawn white_pawn white_rook
data/raw/kaggle_chess_positions/test/1Q6-3P1rB1-K1Pr3P-3R1p2-7k-8-4b3-7q.jpeg,933,c6,white_pawn,d5,white_rook,0.9868436455726624,3,d7 c6 d5,white_pawn white_pawn white_rook
data/raw/kaggle_chess_positions/test/1Q6-4nRr1-5k1B-2p5-n3R1r1-4K3-6R1-B7.jpeg,943,b8,white_queen,a1,white_bishop,0.9854782819747925,1,b8 a1,white_queen white_bishop
data/raw/kaggle_chess_positions/test/1QBB1Q2-5p2-8-RQKPkn2-6r1-6r1-6P1-5N2.jpeg,974,d8,white_bishop,c5,white_king,0.9813922643661499,3,d8 c5,white_bishop white_king
data/raw/kaggle_chess_positions/test/1QnN4-1P3R2-1Pb5-8-r1P5-1P1N1p2-3K4-6k1.jpeg,990,b8,white_queen,d8,white_knight,0.9800372123718262,1,b8 d8 b6 d2,white_queen white_knight white_pawn white_king
data/raw/kaggle_chess_positions/test/1QnN4-1P3R2-1Pb5-8-r1P5-1P1N1p2-3K4-6k1.jpeg,990,b8,white_queen,b6,white_pawn,0.9826771020889282,1,b8 d8 b6 d2,white_queen white_knight white_pawn white_king
data/raw/kaggle_chess_positions/test/1QnN4-1P3R2-1Pb5-8-r1P5-1P1N1p2-3K4-6k1.jpeg,990,b8,white_queen,d2,white_king,0.9844672083854675,1,b8 d8 b6 d2,white_queen white_knight white_pawn white_king
data/raw/kaggle_chess_positions/test/1QnN4-1P3R2-1Pb5-8-r1P5-1P1N1p2-3K4-6k1.jpeg,990,d8,white_knight,b6,white_pawn,0.9950299263000488,1,b8 d8 b6 d2,white_queen white_knight white_pawn white_king
data/raw/kaggle_chess_positions/test/1QnN4-1P3R2-1Pb5-8-r1P5-1P1N1p2-3K4-6k1.jpeg,990,d8,white_knight,d2,white_king,0.9967052340507507,1,b8 d8 b6 d2,white_queen white_knight white_pawn white_king
data/raw/kaggle_chess_positions/test/1QnN4-1P3R2-1Pb5-8-r1P5-1P1N1p2-3K4-6k1.jpeg,990,b6,white_pawn,d2,white_king,0.9897589683532715,1,b8 d8 b6 d2,white_queen white_knight white_pawn white_king
data/raw/kaggle_chess_positions/test/1Qnn4-5P2-2K5-5P2-p6k-1R4r1-8-1B1R3n.jpeg,991,c6,white_king,b1,white_bishop,0.9835763573646545,5,c6 b1,white_king white_bishop
